{
  "cv_auc": 0.7062328485325969,
  "fold_auc": {
    "0": 0.7112819914969416,
    "1": 0.6983874542078377,
    "2": 0.7076561659776837,
    "3": 0.6966763895643029,
    "4": 0.7183349746824257
  },
  "seed": 42,
  "n_folds": 5,
  "feature_set": "full(te+emb+div+grp)",
  "created_by": "hyunbean",
  "notes": "AutoGluon best_quality 600s/fold"
}