{
  "cv_auc": 0.7137717973201091,
  "seed": 42,
  "n_folds": 5,
  "params": {
    "objective": "binary",
    "metric": "auc",
    "n_jobs": 4,
    "verbosity": -1,
    "n_estimators": 5000,
    "bagging_freq": 1,
    "learning_rate": 0.010834826247188815,
    "num_leaves": 156,
    "min_child_samples": 277,
    "feature_fraction": 0.3193679415369665,
    "bagging_fraction": 0.6461921507602759,
    "lambda_l1": 0.0018269589109390482,
    "lambda_l2": 0.07073481056481037
  },
  "n_trials": 150,
  "feature_set": "fused our+mega Optuna",
  "created_by": "hyunbean",
  "notes": "fused Deep Optuna 150"
}