{
  "cv_auc": 0.7046895250238763,
  "fold_auc": {
    "0": 0.7106120448091012,
    "1": 0.6979703621781945,
    "2": 0.7061637195839214,
    "3": 0.6959659846104973,
    "4": 0.7154062861021835
  },
  "seed": 42,
  "n_folds": 5,
  "params": {
    "objective": "binary",
    "metric": "auc",
    "learning_rate": 0.03,
    "num_leaves": 63,
    "feature_fraction": 0.8,
    "bagging_fraction": 0.8,
    "bagging_freq": 1,
    "min_child_samples": 50,
    "n_estimators": 5000,
    "n_jobs": -1,
    "verbosity": -1
  },
  "feature_set": "full(te+emb+div)",
  "created_by": "<이름>",
  "notes": "LGBM"
}