{
  "cv_auc": 0.701820732773943,
  "fold_auc": {
    "0": 0.7053073483817303,
    "1": 0.6936313972491094,
    "2": 0.7037077078922161,
    "3": 0.6971448930623529,
    "4": 0.7125652572514295
  },
  "seed": 42,
  "n_folds": 5,
  "params": {
    "objective": "binary",
    "metric": "auc",
    "learning_rate": 0.03,
    "num_leaves": 63,
    "feature_fraction": 0.8,
    "bagging_fraction": 0.8,
    "bagging_freq": 1,
    "min_child_samples": 50,
    "n_estimators": 5000,
    "n_jobs": -1,
    "verbosity": -1
  },
  "feature_set": "full(te+emb+div)",
  "created_by": "<이름>",
  "notes": "LGBM"
}