{
  "cv_auc": 0.7049146092293658,
  "fold_auc": {
    "0": 0.7056996275710828,
    "1": 0.6972144239009882,
    "2": 0.7080622300783088,
    "3": 0.6988498912165738,
    "4": 0.7197248574495207
  },
  "seed": 42,
  "n_folds": 5,
  "params": {
    "objective": "binary",
    "metric": "auc",
    "learning_rate": 0.03,
    "num_leaves": 63,
    "feature_fraction": 0.8,
    "bagging_fraction": 0.8,
    "bagging_freq": 1,
    "min_child_samples": 50,
    "n_estimators": 5000,
    "n_jobs": -1,
    "verbosity": -1
  },
  "feature_set": "full(te+emb+div)",
  "created_by": "<이름>",
  "notes": "LGBM"
}