{
  "cv_auc": 0.7034894934653969,
  "fold_auc": {
    "0": 0.7068100349952947,
    "1": 0.6934294811201854,
    "2": 0.7050472730557237,
    "3": 0.6975717007340172,
    "4": 0.7174590996774516
  },
  "seed": 42,
  "n_folds": 5,
  "params": {
    "objective": "binary",
    "metric": "auc",
    "learning_rate": 0.03,
    "num_leaves": 63,
    "feature_fraction": 0.8,
    "bagging_fraction": 0.8,
    "bagging_freq": 1,
    "min_child_samples": 50,
    "n_estimators": 5000,
    "n_jobs": -1,
    "verbosity": -1
  },
  "feature_set": "full(te+emb+div)",
  "created_by": "<이름>",
  "notes": "LGBM"
}