{
  "cv_auc": 0.7008967643819177,
  "fold_auc": {
    "0": 0.7032171619782214,
    "1": 0.6943845785440612,
    "2": 0.7041377314814815,
    "3": 0.6951487464133381,
    "4": 0.710019644972186
  },
  "seed": 42,
  "n_folds": 5,
  "params": {
    "objective": "binary",
    "metric": "auc",
    "learning_rate": 0.03,
    "num_leaves": 63,
    "feature_fraction": 0.8,
    "bagging_fraction": 0.8,
    "bagging_freq": 1,
    "min_child_samples": 50,
    "n_estimators": 5000,
    "n_jobs": -1,
    "verbosity": -1
  },
  "feature_set": "full(te+emb+div)",
  "created_by": "<이름>",
  "notes": "LGBM"
}