{
  "cv_auc": 0.7011052179914257,
  "fold_auc": {
    "0": 0.7060118229901862,
    "1": 0.6912878310479265,
    "2": 0.7058124669162129,
    "3": 0.6945269204670825,
    "4": 0.7110022218950759
  },
  "seed": 42,
  "n_folds": 5,
  "feature_set": "full(te+emb+div+grp)",
  "created_by": "hyunbean",
  "notes": "PyTorch MLP 256-128 (cuda)"
}