{
  "cv_auc": 0.6736315837228581,
  "fold_auc": {
    "0": 0.6673828256284869,
    "1": 0.6856687730011091,
    "2": 0.6609080528038247,
    "3": 0.6600343599874505,
    "4": 0.6953018718733877
  },
  "seed": 42,
  "n_folds": 5,
  "feature_set": "full(te+emb+div+grp)",
  "created_by": "hyunbean",
  "notes": "TabNet (cuda)"
}